<?xml version="1.0" encoding="UTF-8"?>
<!DOCTYPE MudletPackage>
<MudletPackage version="1.001">
	<TriggerPackage>
		<TriggerGroup isActive="yes" isFolder="yes" isTempTrigger="no" isMultiline="no" isPerlSlashGOption="no" isColorizerTrigger="no" isFilterTrigger="no" isSoundTrigger="no" isColorTrigger="no" isColorTriggerFg="no" isColorTriggerBg="no">
			<name>NekiosTrigger</name>
			<script></script>
			<triggerType>0</triggerType>
			<conditonLineDelta>0</conditonLineDelta>
			<mStayOpen>0</mStayOpen>
			<mCommand></mCommand>
			<packageName></packageName>
			<mFgColor>#ff0000</mFgColor>
			<mBgColor>#ffff00</mBgColor>
			<mSoundFile></mSoundFile>
			<colorTriggerFgColor>#000000</colorTriggerFgColor>
			<colorTriggerBgColor>#000000</colorTriggerBgColor>
			<regexCodeList />
			<regexCodePropertyList />
			<Trigger isActive="yes" isFolder="no" isTempTrigger="no" isMultiline="no" isPerlSlashGOption="no" isColorizerTrigger="no" isFilterTrigger="no" isSoundTrigger="no" isColorTrigger="no" isColorTriggerFg="no" isColorTriggerBg="no">
				<name>nekiosdeftriggger</name>
				<script></script>
				<triggerType>0</triggerType>
				<conditonLineDelta>0</conditonLineDelta>
				<mStayOpen>0</mStayOpen>
				<mCommand></mCommand>
				<packageName></packageName>
				<mFgColor>#ff0000</mFgColor>
				<mBgColor>#ffff00</mBgColor>
				<mSoundFile></mSoundFile>
				<colorTriggerFgColor>#000000</colorTriggerFgColor>
				<colorTriggerBgColor>#000000</colorTriggerBgColor>
				<regexCodeList>
					<string>^nekiosdef*</string>
				</regexCodeList>
				<regexCodePropertyList>
					<integer>1</integer>
				</regexCodePropertyList>
			</Trigger>
			<Trigger isActive="yes" isFolder="no" isTempTrigger="no" isMultiline="no" isPerlSlashGOption="no" isColorizerTrigger="no" isFilterTrigger="no" isSoundTrigger="no" isColorTrigger="no" isColorTriggerFg="no" isColorTriggerBg="no">
				<name>nekiosinvtrigger</name>
				<script>displayInventory()
</script>
				<triggerType>0</triggerType>
				<conditonLineDelta>0</conditonLineDelta>
				<mStayOpen>0</mStayOpen>
				<mCommand></mCommand>
				<packageName></packageName>
				<mFgColor>#ff0000</mFgColor>
				<mBgColor>#ffff00</mBgColor>
				<mSoundFile></mSoundFile>
				<colorTriggerFgColor>#000000</colorTriggerFgColor>
				<colorTriggerBgColor>#000000</colorTriggerBgColor>
				<regexCodeList>
					<string>nekiosinv</string>
				</regexCodeList>
				<regexCodePropertyList>
					<integer>3</integer>
				</regexCodePropertyList>
			</Trigger>
		</TriggerGroup>
	</TriggerPackage>
</MudletPackage>
