<?xml version="1.0" encoding="UTF-8"?>
<!DOCTYPE MudletPackage>
<MudletPackage version="1.001">
	<TriggerPackage>
		<TriggerGroup isActive="yes" isFolder="yes" isTempTrigger="no" isMultiline="no" isPerlSlashGOption="no" isColorizerTrigger="no" isFilterTrigger="no" isSoundTrigger="no" isColorTrigger="no" isColorTriggerFg="no" isColorTriggerBg="no">
			<name>ProgressDisplayinator</name>
			<script></script>
			<triggerType>0</triggerType>
			<conditonLineDelta>0</conditonLineDelta>
			<mStayOpen>0</mStayOpen>
			<mCommand></mCommand>
			<packageName>ProgressDisplayinator</packageName>
			<mFgColor>#ff0000</mFgColor>
			<mBgColor>#ffff00</mBgColor>
			<mSoundFile></mSoundFile>
			<colorTriggerFgColor>#000000</colorTriggerFgColor>
			<colorTriggerBgColor>#000000</colorTriggerBgColor>
			<regexCodeList />
			<regexCodePropertyList />
			<TriggerGroup isActive="yes" isFolder="yes" isTempTrigger="no" isMultiline="no" isPerlSlashGOption="no" isColorizerTrigger="no" isFilterTrigger="no" isSoundTrigger="no" isColorTrigger="no" isColorTriggerFg="no" isColorTriggerBg="no">
				<name>progressDisplayinator</name>
				<script></script>
				<triggerType>0</triggerType>
				<conditonLineDelta>0</conditonLineDelta>
				<mStayOpen>0</mStayOpen>
				<mCommand></mCommand>
				<packageName></packageName>
				<mFgColor>#ff0000</mFgColor>
				<mBgColor>#ffff00</mBgColor>
				<mSoundFile></mSoundFile>
				<colorTriggerFgColor>#000000</colorTriggerFgColor>
				<colorTriggerBgColor>#000000</colorTriggerBgColor>
				<regexCodeList />
				<regexCodePropertyList />
				<Trigger isActive="yes" isFolder="no" isTempTrigger="no" isMultiline="no" isPerlSlashGOption="no" isColorizerTrigger="no" isFilterTrigger="no" isSoundTrigger="no" isColorTrigger="no" isColorTriggerFg="no" isColorTriggerBg="no">
					<name>Experience</name>
					<script>local num = matches[2]:gsub(",","")
local amount = tonumber(num)
ProgressDisplay:expUpdate(amount)</script>
					<triggerType>0</triggerType>
					<conditonLineDelta>0</conditonLineDelta>
					<mStayOpen>0</mStayOpen>
					<mCommand></mCommand>
					<packageName></packageName>
					<mFgColor>#ff0000</mFgColor>
					<mBgColor>#ffff00</mBgColor>
					<mSoundFile></mSoundFile>
					<colorTriggerFgColor>#000000</colorTriggerFgColor>
					<colorTriggerBgColor>#000000</colorTriggerBgColor>
					<regexCodeList>
						<string>^Experience Gained\: (.+) \(</string>
					</regexCodeList>
					<regexCodePropertyList>
						<integer>1</integer>
					</regexCodePropertyList>
				</Trigger>
				<Trigger isActive="yes" isFolder="no" isTempTrigger="no" isMultiline="no" isPerlSlashGOption="no" isColorizerTrigger="no" isFilterTrigger="no" isSoundTrigger="no" isColorTrigger="no" isColorTriggerFg="no" isColorTriggerBg="no">
					<name>Gold</name>
					<script>local amount = tonumber(matches[3]) * (matches[2] == "lost" and -1 or 1)

ProgressDisplay:goldUpdate(amount)</script>
					<triggerType>0</triggerType>
					<conditonLineDelta>0</conditonLineDelta>
					<mStayOpen>0</mStayOpen>
					<mCommand></mCommand>
					<packageName></packageName>
					<mFgColor>#ff0000</mFgColor>
					<mBgColor>#ffff00</mBgColor>
					<mSoundFile></mSoundFile>
					<colorTriggerFgColor>#000000</colorTriggerFgColor>
					<colorTriggerBgColor>#000000</colorTriggerBgColor>
					<regexCodeList>
						<string>^\[Gold\]\: You have (lost|gained) (\d+) gold\.$</string>
					</regexCodeList>
					<regexCodePropertyList>
						<integer>1</integer>
					</regexCodePropertyList>
				</Trigger>
			</TriggerGroup>
		</TriggerGroup>
	</TriggerPackage>
</MudletPackage>
