<?xml version="1.0" encoding="UTF-8"?>
<!DOCTYPE MudletPackage>
<MudletPackage version="1.001">
	<AliasPackage>
		<AliasGroup isActive="yes" isFolder="yes">
			<name>ProgressDisplayinator</name>
			<script></script>
			<command></command>
			<packageName>ProgressDisplayinator</packageName>
			<regex></regex>
			<AliasGroup isActive="yes" isFolder="yes">
				<name>progressDisplayinator</name>
				<script></script>
				<command></command>
				<packageName></packageName>
				<regex></regex>
				<Alias isActive="yes" isFolder="no">
					<name>Display Progress</name>
					<script>ProgressDisplay:show()</script>
					<command></command>
					<packageName></packageName>
					<regex>^show progress$</regex>
				</Alias>
				<Alias isActive="yes" isFolder="no">
					<name>Reset Progress</name>
					<script>ProgressDisplay:reset()</script>
					<command></command>
					<packageName></packageName>
					<regex>^reset progress$</regex>
				</Alias>
			</AliasGroup>
		</AliasGroup>
	</AliasPackage>
</MudletPackage>
